{"stats":{"minecraft:used":{"minecraft:wooden_pickaxe":20,"minecraft:stone_axe":3,"croptopia:pineapple":1,"minecraft:crafting_table":1,"croptopia:chile_pepper":1,"croptopia:onion":2},"minecraft:killed_by":{"minecraft:player":1,"minecraft:creeper":1},"minecraft:killed":{"minecraft:zombie":1,"minecraft:chicken":1},"minecraft:custom":{"minecraft:time_since_rest":4249,"minecraft:sprint_one_cm":22593,"minecraft:damage_taken":604,"minecraft:walk_one_cm":11010,"tombstone:sneak_grave":6,"minecraft:mob_kills":2,"minecraft:drop":6,"minecraft:damage_dealt":165,"minecraft:interact_with_crafting_table":2,"minecraft:talked_to_villager":1,"minecraft:fly_one_cm":41083,"minecraft:crouch_one_cm":4093,"minecraft:play_time":22694,"tombstone:undead_killed":1,"minecraft:deaths":2,"minecraft:sneak_time":1582,"minecraft:jump":218,"minecraft:leave_game":6,"minecraft:walk_on_water_one_cm":1280,"minecraft:time_since_death":4792,"minecraft:climb_one_cm":435,"minecraft:total_world_time":22694,"minecraft:fall_one_cm":9897},"minecraft:picked_up":{"croptopia:lettuce_seed":1,"croptopia:chile_pepper_seed":2,"minecraft:feather":2,"minecraft:chicken":1,"minecraft:leather":2,"croptopia:onion":2,"minecraft:oak_log":7,"croptopia:turnip":1,"minecraft:dirt":31,"croptopia:lettuce":1,"croptopia:chile_pepper":1,"minecraft:rotten_flesh":3,"minecraft:wheat_seeds":2,"croptopia:pineapple_seed":2,"croptopia:pineapple":2,"croptopia:onion_seed":3,"croptopia:turnip_seed":1,"minecraft:cobblestone":14},"minecraft:crafted":{"minecraft:oak_planks":28,"minecraft:crafting_table":1,"minecraft:stick":8,"minecraft:wooden_pickaxe":1,"minecraft:stone_pickaxe":1,"minecraft:furnace":1,"minecraft:stone_axe":1},"minecraft:dropped":{"croptopia:turnip_seed":1,"croptopia:pineapple":1,"minecraft:wheat_seeds":2,"croptopia:onion_seed":3,"croptopia:chile_pepper_seed":2,"croptopia:turnip":1},"minecraft:mined":{"minecraft:crafting_table":1,"minecraft:grass":3,"minecraft:oak_log":7,"minecraft:stone":14}},"DataVersion":3465}