{"stats":{"minecraft:used":{"croptopia:coconut":2,"minecraft:wooden_pickaxe":5,"minecraft:crafting_table":1,"croptopia:sweetpotato":1,"minecraft:wooden_axe":19,"croptopia:turnip":1,"minecraft:wooden_sword":31,"croptopia:peach":8,"tombstone:gift":1,"alexsmobs:animal_dictionary":3,"croptopia:corn":3},"minecraft:killed_by":{"minecraft:creeper":1},"minecraft:killed":{"minecraft:trader_llama":2,"minecraft:zombie":1,"minecraft:chicken":1},"minecraft:broken":{"minecraft:wooden_sword":1},"minecraft:custom":{"minecraft:mob_kills":4,"minecraft:interact_with_crafting_table":2,"minecraft:leave_game":1,"minecraft:time_since_death":3416,"minecraft:climb_one_cm":4745,"minecraft:time_since_rest":3015,"minecraft:sprint_one_cm":11966,"minecraft:damage_taken":810,"minecraft:walk_one_cm":182009,"minecraft:drop":6,"minecraft:damage_dealt":1674,"minecraft:talked_to_villager":2,"minecraft:fly_one_cm":35673,"minecraft:player_kills":1,"minecraft:crouch_one_cm":58,"minecraft:play_time":48135,"tombstone:undead_killed":1,"minecraft:deaths":2,"minecraft:sneak_time":184,"minecraft:walk_under_water_one_cm":104,"minecraft:jump":566,"minecraft:walk_on_water_one_cm":27204,"minecraft:total_world_time":48135,"minecraft:fall_one_cm":10333},"minecraft:picked_up":{"minecraft:wooden_axe":1,"croptopia:lettuce_seed":4,"minecraft:cocoa_beans":18,"minecraft:crafting_table":3,"minecraft:feather":2,"minecraft:chicken":2,"croptopia:peach":8,"minecraft:jungle_log":6,"croptopia:kale":4,"minecraft:leather":2,"minecraft:lead":2,"croptopia:sweetpotato_seed":4,"minecraft:wooden_pickaxe":1,"minecraft:dirt":30,"croptopia:lettuce":2,"croptopia:eggplant":2,"croptopia:garlic":7,"croptopia:corn":3,"croptopia:sweetpotato":1,"croptopia:pineapple":10,"croptopia:coconut":8,"croptopia:turnip_seed":2,"minecraft:bamboo":640,"croptopia:kale_seed":6,"minecraft:egg":1,"croptopia:chile_pepper_seed":6,"minecraft:stick":7,"croptopia:corn_seed":10,"croptopia:rhubarb_seed":4,"minecraft:jungle_planks":12,"croptopia:eggplant_seed":4,"alexsmobs:animal_dictionary":1,"croptopia:turnip":2,"croptopia:chile_pepper":4,"croptopia:pineapple_seed":14,"croptopia:rhubarb":2,"minecraft:oak_sapling":2,"croptopia:garlic_seed":11,"minecraft:mangrove_propagule":2,"minecraft:cobblestone":11},"minecraft:dropped":{"minecraft:feather":2,"minecraft:leather":2,"minecraft:stick":5,"minecraft:dirt":15,"croptopia:pineapple":1,"minecraft:egg":1},"minecraft:crafted":{"minecraft:wooden_sword":1,"minecraft:wooden_pickaxe":1,"minecraft:jungle_planks":24,"minecraft:stick":8,"minecraft:wooden_axe":1},"minecraft:mined":{"croptopia:eggplant_crop":1,"croptopia:kale_crop":2,"croptopia:lettuce_crop":2,"minecraft:jungle_leaves":1,"croptopia:sweetpotato_crop":1,"croptopia:turnip_crop":1,"minecraft:crafting_table":1,"minecraft:grass_block":3,"croptopia:garlic_crop":4,"minecraft:jungle_log":6,"minecraft:mangrove_propagule":1,"croptopia:pineapple_crop":5,"croptopia:corn_crop":3,"croptopia:chile_pepper_crop":2,"minecraft:grass":8,"croptopia:rhubarb_crop":1,"minecraft:cocoa":3,"minecraft:dirt":16,"croptopia:greenonion_crop":1,"minecraft:bamboo":36,"minecraft:stone":4,"croptopia:coconut_crop":1,"minecraft:oak_leaves":1,"minecraft:fern":2}},"DataVersion":3465}