{
  "minecraft:recipes/decorations/crafting_table": {
    "criteria": {
      "unlock_right_away": "2024-07-29 02:59:05 +0000"
    },
    "done": true
  },
  "rats:root": {
    "criteria": {
      "tick": "2024-07-29 02:59:05 +0000"
    },
    "done": true
  },
  "minecraft:adventure/adventuring_time": {
    "criteria": {
      "minecraft:bamboo_jungle": "2024-07-29 03:20:02 +0000",
      "minecraft:sparse_jungle": "2024-07-29 02:59:06 +0000",
      "minecraft:savanna": "2024-07-29 03:14:41 +0000",
      "minecraft:plains": "2024-07-29 02:59:32 +0000"
    },
    "done": false
  },
  "tombstone:adventure/root": {
    "criteria": {
      "auto": "2024-07-29 02:59:06 +0000"
    },
    "done": true
  },
  "alexsmobs:alexsmobs/root": {
    "criteria": {
      "useitem": "2024-07-29 02:59:27 +0000"
    },
    "done": true
  },
  "minecraft:husbandry/root": {
    "criteria": {
      "consumed_item": "2024-07-29 02:59:27 +0000"
    },
    "done": true
  },
  "rats:recipes/food/assorted_vegetables": {
    "criteria": {
      "has_a_veggie": "2024-07-29 03:00:04 +0000"
    },
    "done": true
  },
  "rats:recipes/misc/rat_seed_bowl": {
    "criteria": {
      "has_seeds": "2024-07-29 03:00:04 +0000"
    },
    "done": true
  },
  "rats:recipes/misc/upgrades/replanter_upgrade": {
    "criteria": {
      "has_seeds": "2024-07-29 03:00:04 +0000"
    },
    "done": true
  },
  "rats:recipes/misc/upgrades/farmer_upgrade": {
    "criteria": {
      "has_seeds": "2024-07-29 03:00:04 +0000"
    },
    "done": true
  },
  "croptopia:gather_jungle": {
    "criteria": {
      "turnip_seed": "2024-07-29 03:13:40 +0000",
      "rhubarb_seed": "2024-07-29 03:13:29 +0000",
      "pineapple_seed": "2024-07-29 03:12:23 +0000",
      "eggplant_seed": "2024-07-29 03:12:20 +0000",
      "garlic_seed": "2024-07-29 03:00:04 +0000"
    },
    "done": false
  },
  "rats:recipes/misc/upgrades/chicken_mount_upgrade": {
    "criteria": {
      "has_seeds": "2024-07-29 03:00:04 +0000"
    },
    "done": true
  },
  "rats:recipes/misc/upgrades/breeder_upgrade": {
    "criteria": {
      "has_seeds": "2024-07-29 03:00:04 +0000"
    },
    "done": true
  },
  "croptopia:recipes/documentation": {
    "criteria": {
      "has_crop": "2024-07-29 03:00:04 +0000"
    },
    "done": true
  },
  "croptopia:gather_all": {
    "criteria": {
      "sweetpotato_seed": "2024-07-29 03:14:21 +0000",
      "turnip_seed": "2024-07-29 03:13:40 +0000",
      "chile_pepper_seed": "2024-07-29 03:13:59 +0000",
      "rhubarb_seed": "2024-07-29 03:13:29 +0000",
      "kale_seed": "2024-07-29 03:13:47 +0000",
      "eggplant_seed": "2024-07-29 03:12:20 +0000",
      "lettuce_seed": "2024-07-29 03:14:24 +0000",
      "corn_seed": "2024-07-29 03:13:56 +0000",
      "garlic_seed": "2024-07-29 03:00:04 +0000"
    },
    "done": false
  },
  "croptopia:getseeds": {
    "criteria": {
      "has_seeds": "2024-07-29 03:00:04 +0000"
    },
    "done": true
  },
  "rats:recipes/misc/upgrades/gardener_upgrade": {
    "criteria": {
      "has_seeds": "2024-07-29 03:00:04 +0000"
    },
    "done": true
  },
  "croptopia:recipes/misc/garlic_seed": {
    "criteria": {
      "has_garlic": "2024-07-29 03:00:04 +0000"
    },
    "done": true
  },
  "croptopia:recipes/misc/coconut_sapling": {
    "criteria": {
      "has_coconut": "2024-07-29 03:00:17 +0000"
    },
    "done": true
  },
  "croptopia:recipes/fruit_smoothie": {
    "criteria": {
      "has_fruit": "2024-07-29 03:00:17 +0000"
    },
    "done": true
  },
  "croptopia:recipes/shaped_lemon_coconut_bar": {
    "criteria": {
      "has_coconut": "2024-07-29 03:00:17 +0000"
    },
    "done": true
  },
  "ironchest:recipes/decorations/chests/vanilla_dirt_chest": {
    "criteria": {
      "has_iron_ingot": "2024-07-29 03:03:49 +0000"
    },
    "done": true
  },
  "minecraft:recipes/transportation/cherry_boat": {
    "criteria": {
      "in_water": "2024-07-29 03:05:13 +0000"
    },
    "done": true
  },
  "minecraft:recipes/transportation/bamboo_raft": {
    "criteria": {
      "in_water": "2024-07-29 03:05:13 +0000"
    },
    "done": true
  },
  "minecraft:recipes/transportation/spruce_boat": {
    "criteria": {
      "in_water": "2024-07-29 03:05:13 +0000"
    },
    "done": true
  },
  "minecraft:recipes/transportation/birch_boat": {
    "criteria": {
      "in_water": "2024-07-29 03:05:13 +0000"
    },
    "done": true
  },
  "minecraft:recipes/transportation/oak_boat": {
    "criteria": {
      "in_water": "2024-07-29 03:05:13 +0000"
    },
    "done": true
  },
  "minecraft:recipes/transportation/mangrove_boat": {
    "criteria": {
      "in_water": "2024-07-29 03:05:13 +0000"
    },
    "done": true
  },
  "minecraft:recipes/transportation/acacia_boat": {
    "criteria": {
      "in_water": "2024-07-29 03:05:13 +0000"
    },
    "done": true
  },
  "minecraft:recipes/transportation/jungle_boat": {
    "criteria": {
      "in_water": "2024-07-29 03:05:13 +0000"
    },
    "done": true
  },
  "minecraft:recipes/transportation/dark_oak_boat": {
    "criteria": {
      "in_water": "2024-07-29 03:05:13 +0000"
    },
    "done": true
  },
  "minecraft:adventure/kill_all_mobs": {
    "criteria": {
      "minecraft:zombie": "2024-07-29 03:06:36 +0000"
    },
    "done": false
  },
  "minecraft:adventure/root": {
    "criteria": {
      "killed_something": "2024-07-29 03:06:36 +0000"
    },
    "done": true
  },
  "minecraft:adventure/kill_a_mob": {
    "criteria": {
      "minecraft:zombie": "2024-07-29 03:06:36 +0000"
    },
    "done": true
  },
  "croptopia:recipes/misc/peach_sapling": {
    "criteria": {
      "has_peach": "2024-07-29 03:07:58 +0000"
    },
    "done": true
  },
  "croptopia:recipes/misc/peach_jam": {
    "criteria": {
      "has_peach": "2024-07-29 03:07:58 +0000"
    },
    "done": true
  },
  "rats:recipes/misc/upgrades/lumberjack_upgrade": {
    "criteria": {
      "has_sapling": "2024-07-29 03:08:27 +0000"
    },
    "done": true
  },
  "rats:recipes/building_blocks/rat_crafting_table": {
    "criteria": {
      "has_table": "2024-07-29 03:09:00 +0000"
    },
    "done": true
  },
  "rats:recipes/misc/upgrades/crafting_upgrade": {
    "criteria": {
      "has_table": "2024-07-29 03:09:00 +0000"
    },
    "done": true
  },
  "rats:recipes/building_blocks/rat_quarry": {
    "criteria": {
      "has_table": "2024-07-29 03:09:00 +0000"
    },
    "done": true
  },
  "minecraft:story/root": {
    "criteria": {
      "crafting_table": "2024-07-29 03:09:00 +0000"
    },
    "done": true
  },
  "croptopia:recipes/chocolate": {
    "criteria": {
      "has_cocoa_beans": "2024-07-29 03:12:07 +0000"
    },
    "done": true
  },
  "minecraft:recipes/misc/brown_dye": {
    "criteria": {
      "has_cocoa_beans": "2024-07-29 03:12:07 +0000"
    },
    "done": true
  },
  "minecraft:recipes/food/cookie": {
    "criteria": {
      "has_cocoa": "2024-07-29 03:12:07 +0000"
    },
    "done": true
  },
  "minecraft:recipes/decorations/chest": {
    "criteria": {
      "has_lots_of_items": "2024-07-29 03:12:20 +0000"
    },
    "done": true
  },
  "croptopia:recipes/misc/eggplant_seed": {
    "criteria": {
      "has_eggplant": "2024-07-29 03:12:20 +0000"
    },
    "done": true
  },
  "croptopia:recipes/shaped_grilled_eggplant": {
    "criteria": {
      "has_eggplant": "2024-07-29 03:12:20 +0000"
    },
    "done": true
  },
  "croptopia:recipes/shaped_ratatouille": {
    "criteria": {
      "has_eggplant": "2024-07-29 03:12:20 +0000"
    },
    "done": true
  },
  "croptopia:recipes/shaped_eggplant_parmesan": {
    "criteria": {
      "has_eggplant": "2024-07-29 03:12:20 +0000"
    },
    "done": true
  },
  "croptopia:recipes/shaped_ajvar": {
    "criteria": {
      "has_eggplant": "2024-07-29 03:12:20 +0000"
    },
    "done": true
  },
  "croptopia:recipes/misc/pineapple_juice": {
    "criteria": {
      "has_pineapple": "2024-07-29 03:12:23 +0000"
    },
    "done": true
  },
  "croptopia:recipes/misc/pineapple_seed": {
    "criteria": {
      "has_pineapple": "2024-07-29 03:12:23 +0000"
    },
    "done": true
  },
  "minecraft:recipes/decorations/ladder": {
    "criteria": {
      "has_stick": "2024-07-29 03:13:04 +0000"
    },
    "done": true
  },
  "rats:recipes/tools/cheese_stick": {
    "criteria": {
      "has_stick": "2024-07-29 03:13:04 +0000"
    },
    "done": true
  },
  "minecraft:recipes/tools/wooden_axe": {
    "criteria": {
      "has_stick": "2024-07-29 03:13:04 +0000"
    },
    "done": true
  },
  "rats:recipes/tools/radius_stick": {
    "criteria": {
      "has_stick": "2024-07-29 03:13:04 +0000"
    },
    "done": true
  },
  "minecraft:recipes/decorations/campfire": {
    "criteria": {
      "has_stick": "2024-07-29 03:13:04 +0000"
    },
    "done": true
  },
  "minecraft:recipes/tools/wooden_hoe": {
    "criteria": {
      "has_stick": "2024-07-29 03:13:04 +0000"
    },
    "done": true
  },
  "minecraft:recipes/tools/wooden_pickaxe": {
    "criteria": {
      "has_stick": "2024-07-29 03:13:04 +0000"
    },
    "done": true
  },
  "minecraft:recipes/tools/wooden_shovel": {
    "criteria": {
      "has_stick": "2024-07-29 03:13:04 +0000"
    },
    "done": true
  },
  "minecraft:recipes/combat/wooden_sword": {
    "criteria": {
      "has_stick": "2024-07-29 03:13:04 +0000"
    },
    "done": true
  },
  "rats:recipes/tools/patrol_stick": {
    "criteria": {
      "has_stick": "2024-07-29 03:13:04 +0000"
    },
    "done": true
  },
  "croptopia:recipes/misc/rhubarb_pie": {
    "criteria": {
      "has_rhubarb": "2024-07-29 03:13:29 +0000"
    },
    "done": true
  },
  "croptopia:recipes/misc/rhubarb_seed": {
    "criteria": {
      "has_rhubarb": "2024-07-29 03:13:29 +0000"
    },
    "done": true
  },
  "croptopia:recipes/shaped_roasted_turnips": {
    "criteria": {
      "has_turnip": "2024-07-29 03:13:39 +0000"
    },
    "done": true
  },
  "croptopia:recipes/misc/turnip_seed": {
    "criteria": {
      "has_turnip": "2024-07-29 03:13:39 +0000"
    },
    "done": true
  },
  "croptopia:recipes/leafy_salad": {
    "criteria": {
      "has_kale": "2024-07-29 03:13:47 +0000"
    },
    "done": true
  },
  "croptopia:recipes/kale_chips": {
    "criteria": {
      "has_kale": "2024-07-29 03:13:47 +0000"
    },
    "done": true
  },
  "croptopia:recipes/kale_smoothie": {
    "criteria": {
      "has_kale": "2024-07-29 03:13:47 +0000"
    },
    "done": true
  },
  "croptopia:recipes/misc/kale_seed": {
    "criteria": {
      "has_kale": "2024-07-29 03:13:47 +0000"
    },
    "done": true
  },
  "croptopia:gather_plains": {
    "criteria": {
      "lettuce_seed": "2024-07-29 03:14:24 +0000",
      "sweetpotato_seed": "2024-07-29 03:14:21 +0000",
      "chile_pepper_seed": "2024-07-29 03:13:59 +0000",
      "corn_seed": "2024-07-29 03:13:56 +0000",
      "kale_seed": "2024-07-29 03:13:47 +0000"
    },
    "done": false
  },
  "croptopia:recipes/food/popcorn_from_corn": {
    "criteria": {
      "has_corn": "2024-07-29 03:13:56 +0000"
    },
    "done": true
  },
  "croptopia:recipes/candy_corn": {
    "criteria": {
      "has_corn": "2024-07-29 03:13:56 +0000"
    },
    "done": true
  },
  "croptopia:recipes/stuffed_poblanos": {
    "criteria": {
      "has_corn": "2024-07-29 03:13:56 +0000"
    },
    "done": true
  },
  "croptopia:recipes/burrito": {
    "criteria": {
      "has_the_recipe": "2024-07-29 03:13:56 +0000"
    },
    "done": true
  },
  "croptopia:recipes/misc/corn_seed": {
    "criteria": {
      "has_corn": "2024-07-29 03:13:56 +0000"
    },
    "done": true
  },
  "croptopia:recipes/misc/corn_bread": {
    "criteria": {
      "has_corn": "2024-07-29 03:13:56 +0000"
    },
    "done": true
  },
  "croptopia:recipes/food/popcorn_from_smoking_corn": {
    "criteria": {
      "has_corn": "2024-07-29 03:13:56 +0000"
    },
    "done": true
  },
  "croptopia:recipes/shaped_shepherds_pie": {
    "criteria": {
      "has_corn": "2024-07-29 03:13:56 +0000"
    },
    "done": true
  },
  "croptopia:recipes/campfire_popcorn": {
    "criteria": {
      "has_corn": "2024-07-29 03:13:56 +0000"
    },
    "done": true
  },
  "croptopia:recipes/corn_husk": {
    "criteria": {
      "has_corn": "2024-07-29 03:13:56 +0000"
    },
    "done": true
  },
  "croptopia:recipes/flour": {
    "criteria": {
      "has_grain": "2024-07-29 03:13:56 +0000"
    },
    "done": true
  },
  "croptopia:recipes/candied_nuts": {
    "criteria": {
      "has_the_recipe": "2024-07-29 03:13:56 +0000"
    },
    "done": true
  },
  "croptopia:recipes/pepperoni": {
    "criteria": {
      "has_pepper": "2024-07-29 03:13:59 +0000"
    },
    "done": true
  },
  "croptopia:recipes/misc/chile_pepper_seed": {
    "criteria": {
      "has_chile_pepper": "2024-07-29 03:13:59 +0000"
    },
    "done": true
  },
  "croptopia:recipes/paprika": {
    "criteria": {
      "has_chile_peppers": "2024-07-29 03:13:59 +0000"
    },
    "done": true
  },
  "croptopia:recipes/food/baked_sweet_potato_from_smoking_sweetpotato": {
    "criteria": {
      "has_sweetpotato": "2024-07-29 03:14:21 +0000"
    },
    "done": true
  },
  "croptopia:recipes/food/baked_sweet_potato_from_sweetpotato": {
    "criteria": {
      "has_sweetpotato": "2024-07-29 03:14:21 +0000"
    },
    "done": true
  },
  "croptopia:recipes/misc/sweetpotato_seed": {
    "criteria": {
      "has_sweetpotato": "2024-07-29 03:14:21 +0000"
    },
    "done": true
  },
  "croptopia:recipes/campfire_baked_sweet_potato": {
    "criteria": {
      "has_sweetpotato": "2024-07-29 03:14:21 +0000"
    },
    "done": true
  },
  "croptopia:recipes/sweet_potato_fries": {
    "criteria": {
      "has_sweetpotatos": "2024-07-29 03:14:21 +0000"
    },
    "done": true
  },
  "croptopia:recipes/cucumber_salad": {
    "criteria": {
      "has_lettuce": "2024-07-29 03:14:24 +0000",
      "has_the_recipe": "2024-07-29 03:14:24 +0000"
    },
    "done": true
  },
  "croptopia:recipes/misc/lettuce_seed": {
    "criteria": {
      "has_lettuce": "2024-07-29 03:14:24 +0000"
    },
    "done": true
  },
  "croptopia:recipes/caesar_salad": {
    "criteria": {
      "has_lettuce": "2024-07-29 03:14:24 +0000"
    },
    "done": true
  },
  "rats:recipes/food/herb_bundle": {
    "criteria": {
      "has_flower": "2024-07-29 03:14:44 +0000"
    },
    "done": true
  },
  "minecraft:recipes/food/cooked_chicken_from_campfire_cooking": {
    "criteria": {
      "has_chicken": "2024-07-29 03:17:02 +0000"
    },
    "done": true
  },
  "minecraft:recipes/food/cooked_chicken": {
    "criteria": {
      "has_chicken": "2024-07-29 03:17:02 +0000"
    },
    "done": true
  },
  "croptopia:recipes/chicken_and_rice": {
    "criteria": {
      "has_chicken": "2024-07-29 03:17:02 +0000"
    },
    "done": true
  },
  "minecraft:recipes/food/cooked_chicken_from_smoking": {
    "criteria": {
      "has_chicken": "2024-07-29 03:17:02 +0000"
    },
    "done": true
  },
  "croptopia:recipes/chicken_and_dumplings": {
    "criteria": {
      "has_chicken": "2024-07-29 03:17:02 +0000"
    },
    "done": true
  },
  "rats:recipes/misc/feathery_wing": {
    "criteria": {
      "has_chicken": "2024-07-29 03:17:02 +0000"
    },
    "done": true
  },
  "croptopia:recipes/chicken_and_noodles": {
    "criteria": {
      "has_chicken": "2024-07-29 03:17:02 +0000"
    },
    "done": true
  },
  "croptopia:recipes/fried_chicken": {
    "criteria": {
      "has_chicken": "2024-07-29 03:17:02 +0000"
    },
    "done": true
  },
  "minecraft:recipes/food/cake": {
    "criteria": {
      "has_egg": "2024-07-29 03:17:03 +0000"
    },
    "done": true
  },
  "minecraft:recipes/combat/arrow": {
    "criteria": {
      "has_feather": "2024-07-29 03:17:03 +0000"
    },
    "done": true
  },
  "croptopia:recipes/chilli_relleno": {
    "criteria": {
      "has_egg": "2024-07-29 03:17:03 +0000"
    },
    "done": true
  },
  "rats:recipes/combat/piper_hat": {
    "criteria": {
      "has_feather": "2024-07-29 03:17:03 +0000"
    },
    "done": true
  },
  "croptopia:recipes/egg_roll": {
    "criteria": {
      "has_egg": "2024-07-29 03:17:03 +0000"
    },
    "done": true
  },
  "croptopia:recipes/misc/meringue": {
    "criteria": {
      "has_egg": "2024-07-29 03:17:03 +0000"
    },
    "done": true
  },
  "croptopia:recipes/scrambled_eggs": {
    "criteria": {
      "has_egg": "2024-07-29 03:17:03 +0000"
    },
    "done": true
  },
  "minecraft:recipes/building_blocks/jungle_wood": {
    "criteria": {
      "has_log": "2024-07-29 03:17:22 +0000"
    },
    "done": true
  },
  "minecraft:recipes/building_blocks/jungle_planks": {
    "criteria": {
      "has_logs": "2024-07-29 03:17:22 +0000"
    },
    "done": true
  },
  "minecraft:recipes/misc/charcoal": {
    "criteria": {
      "has_log": "2024-07-29 03:17:22 +0000"
    },
    "done": true
  },
  "minecraft:recipes/misc/stick": {
    "criteria": {
      "has_planks": "2024-07-29 03:18:13 +0000"
    },
    "done": true
  },
  "minecraft:recipes/redstone/jungle_button": {
    "criteria": {
      "has_planks": "2024-07-29 03:18:13 +0000"
    },
    "done": true
  },
  "minecraft:recipes/building_blocks/jungle_stairs": {
    "criteria": {
      "has_planks": "2024-07-29 03:18:13 +0000"
    },
    "done": true
  },
  "minecraft:recipes/redstone/jungle_fence_gate": {
    "criteria": {
      "has_planks": "2024-07-29 03:18:13 +0000"
    },
    "done": true
  },
  "minecraft:recipes/redstone/jungle_trapdoor": {
    "criteria": {
      "has_planks": "2024-07-29 03:18:13 +0000"
    },
    "done": true
  },
  "minecraft:recipes/decorations/jungle_sign": {
    "criteria": {
      "has_planks": "2024-07-29 03:18:13 +0000"
    },
    "done": true
  },
  "minecraft:recipes/redstone/jungle_door": {
    "criteria": {
      "has_planks": "2024-07-29 03:18:13 +0000"
    },
    "done": true
  },
  "minecraft:recipes/decorations/jungle_fence": {
    "criteria": {
      "has_planks": "2024-07-29 03:18:13 +0000"
    },
    "done": true
  },
  "minecraft:recipes/redstone/jungle_pressure_plate": {
    "criteria": {
      "has_planks": "2024-07-29 03:18:13 +0000"
    },
    "done": true
  },
  "minecraft:recipes/decorations/barrel": {
    "criteria": {
      "has_planks": "2024-07-29 03:18:13 +0000"
    },
    "done": true
  },
  "rats:recipes/misc/upgrades/dj_upgrade": {
    "criteria": {
      "has_planks": "2024-07-29 03:18:13 +0000"
    },
    "done": true
  },
  "minecraft:recipes/building_blocks/jungle_slab": {
    "criteria": {
      "has_planks": "2024-07-29 03:18:13 +0000"
    },
    "done": true
  },
  "minecraft:recipes/misc/stick_from_bamboo_item": {
    "criteria": {
      "has_bamboo": "2024-07-29 03:20:09 +0000"
    },
    "done": true
  },
  "minecraft:recipes/building_blocks/bamboo_block": {
    "criteria": {
      "has_bamboo": "2024-07-29 03:20:09 +0000"
    },
    "done": true
  },
  "minecraft:recipes/decorations/scaffolding": {
    "criteria": {
      "has_bamboo": "2024-07-29 03:20:09 +0000"
    },
    "done": true
  },
  "minecraft:recipes/redstone/lever": {
    "criteria": {
      "has_cobblestone": "2024-07-29 03:24:39 +0000"
    },
    "done": true
  },
  "minecraft:recipes/combat/stone_sword": {
    "criteria": {
      "has_cobblestone": "2024-07-29 03:24:39 +0000"
    },
    "done": true
  },
  "minecraft:recipes/decorations/cobblestone_wall": {
    "criteria": {
      "has_cobblestone": "2024-07-29 03:24:39 +0000"
    },
    "done": true
  },
  "minecraft:recipes/tools/stone_axe": {
    "criteria": {
      "has_cobblestone": "2024-07-29 03:24:39 +0000"
    },
    "done": true
  },
  "minecraft:story/mine_stone": {
    "criteria": {
      "get_stone": "2024-07-29 03:24:39 +0000"
    },
    "done": true
  },
  "minecraft:recipes/decorations/furnace": {
    "criteria": {
      "has_cobblestone": "2024-07-29 03:24:39 +0000"
    },
    "done": true
  },
  "minecraft:recipes/building_blocks/cobblestone_slab_from_cobblestone_stonecutting": {
    "criteria": {
      "has_cobblestone": "2024-07-29 03:24:39 +0000"
    },
    "done": true
  },
  "minecraft:recipes/building_blocks/stone": {
    "criteria": {
      "has_cobblestone": "2024-07-29 03:24:39 +0000"
    },
    "done": true
  },
  "minecraft:recipes/tools/stone_pickaxe": {
    "criteria": {
      "has_cobblestone": "2024-07-29 03:24:39 +0000"
    },
    "done": true
  },
  "minecraft:recipes/building_blocks/cobblestone_slab": {
    "criteria": {
      "has_cobblestone": "2024-07-29 03:24:39 +0000"
    },
    "done": true
  },
  "minecraft:recipes/decorations/cobblestone_wall_from_cobblestone_stonecutting": {
    "criteria": {
      "has_cobblestone": "2024-07-29 03:24:39 +0000"
    },
    "done": true
  },
  "minecraft:recipes/building_blocks/cobblestone_stairs_from_cobblestone_stonecutting": {
    "criteria": {
      "has_cobblestone": "2024-07-29 03:24:39 +0000"
    },
    "done": true
  },
  "minecraft:recipes/building_blocks/cobblestone_stairs": {
    "criteria": {
      "has_cobblestone": "2024-07-29 03:24:39 +0000"
    },
    "done": true
  },
  "minecraft:recipes/tools/stone_hoe": {
    "criteria": {
      "has_cobblestone": "2024-07-29 03:24:39 +0000"
    },
    "done": true
  },
  "minecraft:recipes/tools/stone_shovel": {
    "criteria": {
      "has_cobblestone": "2024-07-29 03:24:39 +0000"
    },
    "done": true
  },
  "tombstone:adventure/first_grave": {
    "criteria": {
      "coded_trigger": "2024-07-29 03:24:58 +0000"
    },
    "done": true
  },
  "tombstone:recipes/from_grave_key": {
    "criteria": {
      "has_ingredient": "2024-07-29 03:25:00 +0000"
    },
    "done": true
  },
  "tombstone:adventure/cancel_ghostly_shape": {
    "criteria": {
      "coded_trigger": "2024-07-29 03:25:51 +0000"
    },
    "done": true
  },
  "tombstone:recipes/from_grave_dust": {
    "criteria": {
      "has_ingredient": "2024-07-29 03:26:14 +0000"
    },
    "done": true
  },
  "minecraft:recipes/combat/leather_helmet": {
    "criteria": {
      "has_leather": "2024-07-29 03:35:06 +0000"
    },
    "done": true
  },
  "minecraft:recipes/combat/leather_leggings": {
    "criteria": {
      "has_leather": "2024-07-29 03:35:06 +0000"
    },
    "done": true
  },
  "minecraft:recipes/combat/leather_chestplate": {
    "criteria": {
      "has_leather": "2024-07-29 03:35:06 +0000"
    },
    "done": true
  },
  "minecraft:recipes/misc/leather_horse_armor": {
    "criteria": {
      "has_leather": "2024-07-29 03:35:06 +0000"
    },
    "done": true
  },
  "rats:recipes/tools/rat_sack": {
    "criteria": {
      "has_leather": "2024-07-29 03:35:06 +0000"
    },
    "done": true
  },
  "sophisticatedbackpacks:recipes/misc/backpack": {
    "criteria": {
      "has_leather": "2024-07-29 03:35:06 +0000"
    },
    "done": true
  },
  "minecraft:recipes/decorations/item_frame": {
    "criteria": {
      "has_leather": "2024-07-29 03:35:06 +0000"
    },
    "done": true
  },
  "sophisticatedbackpacks:recipes/misc/upgrade_base": {
    "criteria": {
      "has_leather": "2024-07-29 03:35:06 +0000"
    },
    "done": true
  },
  "minecraft:recipes/combat/leather_boots": {
    "criteria": {
      "has_leather": "2024-07-29 03:35:06 +0000"
    },
    "done": true
  },
  "rats:recipes/misc/upgrades/milker_upgrade": {
    "criteria": {
      "has_leather": "2024-07-29 03:35:06 +0000"
    },
    "done": true
  },
  "rats:recipes/misc/dragon_wing": {
    "criteria": {
      "has_leather": "2024-07-29 03:35:06 +0000"
    },
    "done": true
  },
  "DataVersion": 3465
}